{"cameraMode":{"drawMode":0,"name":"Shaded","section":"Shading Mode"},"sceneLighting":true,"audioPlay":false,"sceneViewState":{"m_AlwaysRefresh":false,"showFog":true,"showSkybox":true,"showFlares":true,"showImageEffects":true,"showParticleSystems":true,"showVisualEffectGraphs":true,"m_FxEnabled":true},"in2DMode":false,"pivot":{"x":-0.03256988525390625,"y":-0.6218986511230469,"z":-2.275960922241211},"rotation":{"x":-0.023242827504873277,"y":0.9763335585594177,"z":-0.16589583456516267,"w":-0.13678942620754243},"size":8.22419261932373,"orthographic":false}