{"cameraMode":{"drawMode":0,"name":"Shaded","section":"Shading Mode"},"sceneLighting":true,"audioPlay":false,"sceneViewState":{"m_AlwaysRefresh":false,"showFog":true,"showSkybox":true,"showFlares":true,"showImageEffects":true,"showParticleSystems":true,"showVisualEffectGraphs":true,"m_FxEnabled":true},"in2DMode":false,"pivot":{"x":7.486637115478516,"y":2.266177177429199,"z":-5.4762115478515629},"rotation":{"x":-0.023242827504873277,"y":0.9763335585594177,"z":-0.16589583456516267,"w":-0.13678942620754243},"size":11.925186157226563,"orthographic":false}